{"mean":{"confidence_interval":{"confidence_level":0.95,"lower_bound":2313850931.38,"upper_bound":2329651724.54},"point_estimate":2321544360.95,"standard_error":4045581.5294478564},"median":{"confidence_interval":{"confidence_level":0.95,"lower_bound":2303751957.0,"upper_bound":2316685983.0},"point_estimate":2313083894.5,"standard_error":3499405.778386266},"median_abs_dev":{"confidence_interval":{"confidence_level":0.95,"lower_bound":21225137.69787848,"upper_bound":39943715.52635729},"point_estimate":34377508.902177215,"standard_error":4835438.151112006},"slope":null,"std_dev":{"confidence_interval":{"confidence_level":0.95,"lower_bound":32056912.66150699,"upper_bound":48497593.41583918},"point_estimate":40749985.12217273,"standard_error":4214484.906285828}}