{"mean":{"confidence_interval":{"confidence_level":0.95,"lower_bound":1466629952.6,"upper_bound":1484739213.43},"point_estimate":1475186620.32,"standard_error":4639301.45910245},"median":{"confidence_interval":{"confidence_level":0.95,"lower_bound":1462254426.0,"upper_bound":1472551739.0},"point_estimate":1466914709.5,"standard_error":2870149.110576306},"median_abs_dev":{"confidence_interval":{"confidence_level":0.95,"lower_bound":19079952.676463127,"upper_bound":35720854.932028055},"point_estimate":25940145.129570365,"standard_error":4322178.344429716},"slope":null,"std_dev":{"confidence_interval":{"confidence_level":0.95,"lower_bound":32648973.34613754,"upper_bound":59153583.22629991},"point_estimate":46648192.17656435,"standard_error":6817313.031937105}}